ind	c_code_google	l_code_google	kw_list	l_SDG	c_code	l_code	_officialStatus	_populationPercent	c_name	c_name_google	l_name	l_name_google
1	AD	ca	['SDG', 'Objectius de Desenvolupament Sostenible']	Objectius de Desenvolupament Sostenible	AD	ca	official	51.0	Andorra	Andorra	Catalan	Catalan
2	AE	ar	['SDG', 'أهداف التنمية المستدامة']	أهداف التنمية المستدامة	AE	ar	official	78.0	United Arab Emirates	United Arab Emirates	Arabic	Arabic
4	AF	fa	['SDG', 'اهداف توسعه پایدار']	اهداف توسعه پایدار	AF	fa	official	50.0	Afghanistan	Afghanistan	Persian	Persian
8	AG	en	['SDG', 'Sustainable Development Goals']	Sustainable Development Goals	AG	en	official	86.0	Antigua & Barbuda	Antigua & Barbuda	English	English
9	AI	en	['SDG', 'Sustainable Development Goals']	Sustainable Development Goals	AI	en	official	95.0	Anguilla	Anguilla	English	English
11	AM	hy	['SDG', 'Կայուն զարգացման նպատակներ']	Կայուն զարգացման նպատակներ	AM	hy	official	98.0	Armenia	Armenia	Armenian	Armenian
12	AO	pt	['SDG', 'Objetivos de Desenvolvimento Sustentável']	Objetivos de Desenvolvimento Sustentável	AO	pt	official	67.0	Angola	Angola	Portuguese	Portuguese
14	AR	es	['SDG', 'Objetivos de Desarrollo Sostenible']	Objetivos de Desarrollo Sostenible	AR	es	official	100.0	Argentina	Argentina	Spanish	Spanish
15	AS	en	['SDG', 'Sustainable Development Goals']	Sustainable Development Goals	AS	en	de_facto_official	97.0	American Samoa	American Samoa	English	English
18	AT	de	['SDG', 'Sustainable Development Goals']	Sustainable Development Goals	AT	de	official	97.0	Austria	Austria	German	German
19	AT	hr	['SDG', 'Ciljevi održivog razvoja']	Ciljevi održivog razvoja	AT	hr	official_regional	1.2	Austria	Austria	Croatian	Croatian
20	AT	hu	['SDG', 'Fenntartható fejlődési célok']	Fenntartható fejlődési célok	AT	hu	official_regional	0.27	Austria	Austria	Hungarian	Hungarian
21	AT	sl	['SDG', 'Cilji trajnostnega razvoja']	Cilji trajnostnega razvoja	AT	sl	official_regional	0.37	Austria	Austria	Slovenian	Slovenian
22	AU	en	['SDG', 'Sustainable Development Goals']	Sustainable Development Goals	AU	en	de_facto_official	96.0	Australia	Australia	English	English
23	AW	nl	['SDG', 'Duurzame ontwikkelingsdoelen']	Duurzame ontwikkelingsdoelen	AW	nl	official	97.0	Aruba	Aruba	Dutch	Dutch
30	BA	hr	['SDG', 'Ciljevi održivog razvoja']	Ciljevi održivog razvoja	BA	hr	official	12.0	Bosnia & Herzegovina	Bosnia & Herzegovina	Croatian	Croatian
31	BA	sr	['SDG', 'Циљеви одрживог развоја']	Циљеви одрживог развоја	BA	sr_Cyrl	official	10.0	Bosnia & Herzegovina	Bosnia & Herzegovina	Serbian (Cyrillic)	Serbian
32	BA	sr	['SDG', 'Ciljevi održivog razvoja']	Ciljevi održivog razvoja	BA	sr_Latn	official	10.0	Bosnia & Herzegovina	Bosnia & Herzegovina	Serbian (Latin)	Serbian
33	BB	en	['SDG', 'Sustainable Development Goals']	Sustainable Development Goals	BB	en	official	100.0	Barbados	Barbados	English	English
35	BE	de	['SDG', 'Sustainable Development Goals']	Sustainable Development Goals	BE	de	official	1.4	Belgium	Belgium	German	German
36	BE	fr	['SDG', 'Objectifs de développement durable']	Objectifs de développement durable	BE	fr	official	38.0	Belgium	Belgium	French	French
37	BE	nl	['SDG', 'Duurzame ontwikkelingsdoelen']	Duurzame ontwikkelingsdoelen	BE	nl	official	55.0	Belgium	Belgium	Dutch	Dutch
38	BF	fr	['SDG', 'Objectifs de développement durable']	Objectifs de développement durable	BF	fr	official	22.0	Burkina Faso	Burkina Faso	French	French
39	BG	bg	['SDG', 'Целите за устойчиво развитие']	Целите за устойчиво развитие	BG	bg	official	100.0	Bulgaria	Bulgaria	Bulgarian	Bulgarian
40	BH	ar	['SDG', 'أهداف التنمية المستدامة']	أهداف التنمية المستدامة	BH	ar	official	87.0	Bahrain	Bahrain	Arabic	Arabic
41	BI	en	['SDG', 'Sustainable Development Goals']	Sustainable Development Goals	BI	en	official	0.058	Burundi	Burundi	English	English
42	BI	fr	['SDG', 'Objectifs de développement durable']	Objectifs de développement durable	BI	fr	official	59.0	Burundi	Burundi	French	French
44	BJ	fr	['SDG', 'Objectifs de développement durable']	Objectifs de développement durable	BJ	fr	official	35.0	Benin	Benin	French	French
46	BM	en	['SDG', 'Sustainable Development Goals']	Sustainable Development Goals	BM	en	official	92.0	Bermuda	Bermuda	English	English
50	BO	es	['SDG', 'Objetivos de Desarrollo Sostenible']	Objetivos de Desarrollo Sostenible	BO	es	official	61.0	Bolivia	Bolivia	Spanish	Spanish
53	BR	pt	['SDG', 'Objetivos de Desenvolvimento Sustentável']	Objetivos de Desenvolvimento Sustentável	BR	pt	official	91.0	Brazil	Brazil	Portuguese	Portuguese
54	BS	en	['SDG', 'Sustainable Development Goals']	Sustainable Development Goals	BS	en	official	100.0	Bahamas	Bahamas	English	English
57	BW	en	['SDG', 'Sustainable Development Goals']	Sustainable Development Goals	BW	en	official	81.0	Botswana	Botswana	English	English
59	BY	be	['SDG', 'Мэты ўстойлівага развіцця']	Мэты ўстойлівага развіцця	BY	be	official	100.0	Belarus	Belarus	Belarusian	Belarusian
60	BY	ru	['SDG', 'Цели устойчивого развития']	Цели устойчивого развития	BY	ru	official	12.0	Belarus	Belarus	Russian	Russian
61	BZ	en	['SDG', 'Sustainable Development Goals']	Sustainable Development Goals	BZ	en	official	100.0	Belize	Belize	English	English
62	CA	en	['SDG', 'Sustainable Development Goals']	Sustainable Development Goals	CA	en	official	86.0	Canada	Canada	English	English
63	CA	fr	['SDG', 'Objectifs de développement durable']	Objectifs de développement durable	CA	fr	official	22.0	Canada	Canada	French	French
67	CC	en	['SDG', 'Sustainable Development Goals']	Sustainable Development Goals	CC	en	de_facto_official	17.0	Cocos (Keeling) Islands	Cocos (Keeling) Islands	English	English
68	CD	fr	['SDG', 'Objectifs de développement durable']	Objectifs de développement durable	CD	fr	official	3.8	Congo - Kinshasa	Congo (DRC)	French	French
72	CD	sw	['SDG', 'malengo ya maendeleo endelevu']	malengo ya maendeleo endelevu	CD	sw	official_regional	50.0	Congo - Kinshasa	Congo (DRC)	Swahili	Swahili
73	CF	fr	['SDG', 'Objectifs de développement durable']	Objectifs de développement durable	CF	fr	official	49.0	Central African Republic	Central African Republic	French	French
75	CG	fr	['SDG', 'Objectifs de développement durable']	Objectifs de développement durable	CG	fr	official	84.0	Congo - Brazzaville	Congo (Republic)	French	French
76	CH	de	['SDG', 'Sustainable Development Goals']	Sustainable Development Goals	CH	de	official	73.0	Switzerland	Switzerland	German	German
77	CH	fr	['SDG', 'Objectifs de développement durable']	Objectifs de développement durable	CH	fr	official	21.0	Switzerland	Switzerland	French	French
79	CH	it	['SDG', 'Obiettivi di Sviluppo Sostenibile']	Obiettivi di Sviluppo Sostenibile	CH	it	official	4.3	Switzerland	Switzerland	Italian	Italian
81	CI	fr	['SDG', 'Objectifs de développement durable']	Objectifs de développement durable	CI	fr	official	49.0	Côte d’Ivoire	Côte d’Ivoire	French	French
82	CK	en	['SDG', 'Sustainable Development Goals']	Sustainable Development Goals	CK	en	official	98.0	Cook Islands	Cook Islands	English	English
83	CL	es	['SDG', 'Objetivos de Desarrollo Sostenible']	Objetivos de Desarrollo Sostenible	CL	es	official	98.0	Chile	Chile	Spanish	Spanish
84	CM	en	['SDG', 'Sustainable Development Goals']	Sustainable Development Goals	CM	en	official	38.0	Cameroon	Cameroon	English	English
85	CM	fr	['SDG', 'Objectifs de développement durable']	Objectifs de développement durable	CM	fr	official	68.0	Cameroon	Cameroon	French	French
87	CN	ko	['SDG', '지속가능 개발 목표']	지속가능 개발 목표	CN	ko	official_regional	0.15	China	China	Korean	Korean
91	CN	zh-CN	['SDG', '可持续发展目标']	可持续发展目标	CN	zh_Hans	official	90.0	China	China	Chinese (Simplified)	Chinese (Simplified)
92	CO	es	['SDG', 'Objetivos de Desarrollo Sostenible']	Objetivos de Desarrollo Sostenible	CO	es	official	93.0	Colombia	Colombia	Spanish	Spanish
94	CR	es	['SDG', 'Objetivos de Desarrollo Sostenible']	Objetivos de Desarrollo Sostenible	CR	es	official	95.0	Costa Rica	Costa Rica	Spanish	Spanish
95	CU	es	['SDG', 'Objetivos de Desarrollo Sostenible']	Objetivos de Desarrollo Sostenible	CU	es	official	100.0	Cuba	Cuba	Spanish	Spanish
97	CV	pt	['SDG', 'Objetivos de Desenvolvimento Sustentável']	Objetivos de Desenvolvimento Sustentável	CV	pt	official	76.0	Cape Verde	Cape Verde	Portuguese	Portuguese
100	CX	en	['SDG', 'Sustainable Development Goals']	Sustainable Development Goals	CX	en	official	92.0	Christmas Island	Christmas Island	English	English
101	CY	el	['SDG', 'Στόχοι για τη βιώσιμη ανάπτυξη']	Στόχοι για τη βιώσιμη ανάπτυξη	CY	el	official	75.0	Cyprus	Cyprus	Greek	Greek
102	CY	tr	['SDG', 'Sürdürülebilir Gelişme Hedefleri']	Sürdürülebilir Gelişme Hedefleri	CY	tr	official	23.0	Cyprus	Cyprus	Turkish	Turkish
103	CZ	cs	['SDG', 'Cíle udržitelného rozvoje']	Cíle udržitelného rozvoje	CZ	cs	official	98.0	Czech Republic	Czech Republic	Czech	Czech
104	DE	de	['SDG', 'Sustainable Development Goals']	Sustainable Development Goals	DE	de	official	91.0	Germany	Germany	German	German
106	DJ	ar	['SDG', 'أهداف التنمية المستدامة']	أهداف التنمية المستدامة	DJ	ar	official	7.3	Djibouti	Djibouti	Arabic	Arabic
107	DJ	fr	['SDG', 'Objectifs de développement durable']	Objectifs de développement durable	DJ	fr	official	2.1	Djibouti	Djibouti	French	French
108	DK	da	['SDG', 'Bæredygtige udviklingsmål']	Bæredygtige udviklingsmål	DK	da	official	93.0	Denmark	Denmark	Danish	Danish
109	DK	de	['SDG', 'Sustainable Development Goals']	Sustainable Development Goals	DK	de	official_regional	0.43	Denmark	Denmark	German	German
111	DM	en	['SDG', 'Sustainable Development Goals']	Sustainable Development Goals	DM	en	official	94.0	Dominica	Dominica	English	English
112	DO	es	['SDG', 'Objetivos de Desarrollo Sostenible']	Objetivos de Desarrollo Sostenible	DO	es	official	78.0	Dominican Republic	Dominican Republic	Spanish	Spanish
113	DZ	ar	['SDG', 'أهداف التنمية المستدامة']	أهداف التنمية المستدامة	DZ	ar	official	74.0	Algeria	Algeria	Arabic	Arabic
114	DZ	fr	['SDG', 'Objectifs de développement durable']	Objectifs de développement durable	DZ	fr	official	20.0	Algeria	Algeria	French	French
116	EC	es	['SDG', 'Objetivos de Desarrollo Sostenible']	Objetivos de Desarrollo Sostenible	EC	es	official	96.0	Ecuador	Ecuador	Spanish	Spanish
118	EE	et	['SDG', 'säästva arengu eesmärkide']	säästva arengu eesmärkide	EE	et	official	71.0	Estonia	Estonia	Estonian	Estonian
119	EG	ar	['SDG', 'أهداف التنمية المستدامة']	أهداف التنمية المستدامة	EG	ar	official	94.0	Egypt	Egypt	Arabic	Arabic
120	EH	ar	['SDG', 'أهداف التنمية المستدامة']	أهداف التنمية المستدامة	EH	ar	official	100.0	Western Sahara	Western Sahara	Arabic	Arabic
121	ER	ar	['SDG', 'أهداف التنمية المستدامة']	أهداف التنمية المستدامة	ER	ar	official	4.9	Eritrea	Eritrea	Arabic	Arabic
122	ER	en	['SDG', 'Sustainable Development Goals']	Sustainable Development Goals	ER	en	official	59.0	Eritrea	Eritrea	English	English
125	ES	ca	['SDG', 'Objectius de Desenvolupament Sostenible']	Objectius de Desenvolupament Sostenible	ES	ca	official_regional	17.0	Spain	Spain	Catalan	Catalan
126	ES	es	['SDG', 'Objetivos de Desarrollo Sostenible']	Objetivos de Desarrollo Sostenible	ES	es	official	99.0	Spain	Spain	Spanish	Spanish
130	FI	fi	['SDG', 'Kestävän kehityksen tavoitteet']	Kestävän kehityksen tavoitteet	FI	fi	official	94.0	Finland	Finland	Finnish	Finnish
131	FI	sv	['SDG', 'Hållbara utvecklingsmål']	Hållbara utvecklingsmål	FI	sv	official	5.7	Finland	Finland	Swedish	Swedish
132	FJ	en	['SDG', 'Sustainable Development Goals']	Sustainable Development Goals	FJ	en	official	94.0	Fiji	Fiji	English	English
135	FK	en	['SDG', 'Sustainable Development Goals']	Sustainable Development Goals	FK	en	official	84.0	Falkland Islands	Falkland Islands (Islas Malvinas)	English	English
136	FM	en	['SDG', 'Sustainable Development Goals']	Sustainable Development Goals	FM	en	official	57.0	Micronesia	Micronesia	English	English
138	FR	fr	['SDG', 'Objectifs de développement durable']	Objectifs de développement durable	FR	fr	official	99.0	France	France	French	French
139	GA	fr	['SDG', 'Objectifs de développement durable']	Objectifs de développement durable	GA	fr	official	63.0	Gabon	Gabon	French	French
141	GB	en	['SDG', 'Sustainable Development Goals']	Sustainable Development Goals	GB	en	official	99.0	United Kingdom	United Kingdom	English	English
144	GD	en	['SDG', 'Sustainable Development Goals']	Sustainable Development Goals	GD	en	official	96.0	Grenada	Grenada	English	English
148	GF	fr	['SDG', 'Objectifs de développement durable']	Objectifs de développement durable	GF	fr	official	77.0	French Guiana	French Guiana	French	French
152	GH	en	['SDG', 'Sustainable Development Goals']	Sustainable Development Goals	GH	en	official	21.0	Ghana	Ghana	English	English
154	GI	en	['SDG', 'Sustainable Development Goals']	Sustainable Development Goals	GI	en	official	80.0	Gibraltar	Gibraltar	English	English
156	GM	en	['SDG', 'Sustainable Development Goals']	Sustainable Development Goals	GM	en	official	40.0	Gambia	Gambia	English	English
157	GN	fr	['SDG', 'Objectifs de développement durable']	Objectifs de développement durable	GN	fr	official	29.0	Guinea	Guinea	French	French
158	GP	fr	['SDG', 'Objectifs de développement durable']	Objectifs de développement durable	GP	fr	official	90.0	Guadeloupe	Guadeloupe	French	French
159	GQ	es	['SDG', 'Objetivos de Desarrollo Sostenible']	Objetivos de Desarrollo Sostenible	GQ	es	official	87.0	Equatorial Guinea	Equatorial Guinea	Spanish	Spanish
160	GQ	fr	['SDG', 'Objectifs de développement durable']	Objectifs de développement durable	GQ	fr	official	8.8	Equatorial Guinea	Equatorial Guinea	French	French
161	GQ	pt	['SDG', 'Objetivos de Desenvolvimento Sustentável']	Objetivos de Desenvolvimento Sustentável	GQ	pt	official	0.0001	Equatorial Guinea	Equatorial Guinea	Portuguese	Portuguese
162	GR	el	['SDG', 'Στόχοι για τη βιώσιμη ανάπτυξη']	Στόχοι για τη βιώσιμη ανάπτυξη	GR	el	official	99.0	Greece	Greece	Greek	Greek
164	GT	es	['SDG', 'Objetivos de Desarrollo Sostenible']	Objetivos de Desarrollo Sostenible	GT	es	official	93.0	Guatemala	Guatemala	Spanish	Spanish
167	GU	en	['SDG', 'Sustainable Development Goals']	Sustainable Development Goals	GU	en	de_facto_official	91.0	Guam	Guam	English	English
168	GW	pt	['SDG', 'Objetivos de Desenvolvimento Sustentável']	Objetivos de Desenvolvimento Sustentável	GW	pt	official	100.0	Guinea-Bissau	Guinea-Bissau	Portuguese	Portuguese
169	GY	en	['SDG', 'Sustainable Development Goals']	Sustainable Development Goals	GY	en	official	100.0	Guyana	Guyana	English	English
170	HK	en	['SDG', 'Sustainable Development Goals']	Sustainable Development Goals	HK	en	official	51.0	Hong Kong SAR China	Hong Kong	English	English
171	HK	zh-TW	['SDG', '可持續發展目標', '永續發展目標']	可持續發展目標	HK	zh_Hant	official	95.0	Hong Kong SAR China	Hong Kong	Chinese (Traditional)	Chinese (Traditional)
173	HN	es	['SDG', 'Objetivos de Desarrollo Sostenible']	Objetivos de Desarrollo Sostenible	HN	es	official	78.0	Honduras	Honduras	Spanish	Spanish
174	HR	hr	['SDG', 'Ciljevi održivog razvoja']	Ciljevi održivog razvoja	HR	hr	official	99.0	Croatia	Croatia	Croatian	Croatian
175	HR	it	['SDG', 'Obiettivi di Sviluppo Sostenibile']	Obiettivi di Sviluppo Sostenibile	HR	it	official_regional	1.6	Croatia	Croatia	Italian	Italian
176	HT	fr	['SDG', 'Objectifs de développement durable']	Objectifs de développement durable	HT	fr	official	4.7	Haiti	Haiti	French	French
178	HU	hu	['SDG', 'Fenntartható fejlődési célok']	Fenntartható fejlődési célok	HU	hu	official	100.0	Hungary	Hungary	Hungarian	Hungarian
180	ID	id	['SDG', 'Tujuan Pembangunan Berkelanjutan']	Tujuan Pembangunan Berkelanjutan	ID	id	official	64.0	Indonesia	Indonesia	Indonesian	Indonesian
181	IE	en	['SDG', 'Sustainable Development Goals']	Sustainable Development Goals	IE	en	official	98.0	Ireland	Ireland	English	English
183	IL	ar	['SDG', 'أهداف التنمية المستدامة']	أهداف التنمية المستدامة	IL	ar	official	20.0	Israel	Israel	Arabic	Arabic
184	IL	iw	['SDG', 'מטרות לפיתוח בר קיימא']	מטרות לפיתוח בר קיימא	IL	he	official	100.0	Israel	Israel	Hebrew	Hebrew
189	IN	en	['SDG', 'Sustainable Development Goals']	Sustainable Development Goals	IN	en	official	19.0	India	India	English	English
191	IN	hi	['SDG', 'टिकाऊ विकास लक्ष्य']	टिकाऊ विकास लक्ष्य	IN	hi	official	41.0	India	India	Hindi	Hindi
209	IO	en	['SDG', 'Sustainable Development Goals']	Sustainable Development Goals	IO	en	official	100.0	British Indian Ocean Territory	British Indian Ocean Territory	English	English
210	IQ	ar	['SDG', 'أهداف التنمية المستدامة']	أهداف التنمية المستدامة	IQ	ar	official	68.0	Iraq	Iraq	Arabic	Arabic
213	IR	fa	['SDG', 'اهداف توسعه پایدار']	اهداف توسعه پایدار	IR	fa	official	75.0	Iran	Iran	Persian	Persian
214	IS	is	['SDG', 'sjálfbær markmið þróun']	sjálfbær markmið þróun	IS	is	official	100.0	Iceland	Iceland	Icelandic	Icelandic
215	IT	fr	['SDG', 'Objectifs de développement durable']	Objectifs de développement durable	IT	fr	official_regional	6.3	Italy	Italy	French	French
216	IT	it	['SDG', 'Obiettivi di Sviluppo Sostenibile']	Obiettivi di Sviluppo Sostenibile	IT	it	official	95.0	Italy	Italy	Italian	Italian
218	JM	en	['SDG', 'Sustainable Development Goals']	Sustainable Development Goals	JM	en	official	98.0	Jamaica	Jamaica	English	English
220	JO	ar	['SDG', 'أهداف التنمية المستدامة']	أهداف التنمية المستدامة	JO	ar	official	100.0	Jordan	Jordan	Arabic	Arabic
221	JP	ja	['SDG', '持続可能な開発目標']	持続可能な開発目標	JP	ja	official	95.0	Japan	Japan	Japanese	Japanese
222	KE	en	['SDG', 'Sustainable Development Goals']	Sustainable Development Goals	KE	en	official	19.0	Kenya	Kenya	English	English
223	KE	sw	['SDG', 'malengo ya maendeleo endelevu']	malengo ya maendeleo endelevu	KE	sw	official	66.0	Kenya	Kenya	Swahili	Swahili
225	KG	ru	['SDG', 'Цели устойчивого развития']	Цели устойчивого развития	KG	ru	official	36.0	Kyrgyzstan	Kyrgyzstan	Russian	Russian
227	KI	en	['SDG', 'Sustainable Development Goals']	Sustainable Development Goals	KI	en	official	100.0	Kiribati	Kiribati	English	English
229	KM	ar	['SDG', 'أهداف التنمية المستدامة']	أهداف التنمية المستدامة	KM	ar	official	66.0	Comoros	Comoros	Arabic	Arabic
230	KM	fr	['SDG', 'Objectifs de développement durable']	Objectifs de développement durable	KM	fr	official	56.0	Comoros	Comoros	French	French
233	KN	en	['SDG', 'Sustainable Development Goals']	Sustainable Development Goals	KN	en	official	98.0	St. Kitts & Nevis	St. Kitts & Nevis	English	English
234	KP	ko	['SDG', '지속가능 개발 목표']	지속가능 개발 목표	KP	ko	official	88.0	North Korea	North Korea	Korean	Korean
235	KR	ko	['SDG', '지속가능 개발 목표']	지속가능 개발 목표	KR	ko	official	100.0	South Korea	South Korea	Korean	Korean
236	KW	ar	['SDG', 'أهداف التنمية المستدامة']	أهداف التنمية المستدامة	KW	ar	official	100.0	Kuwait	Kuwait	Arabic	Arabic
237	KY	en	['SDG', 'Sustainable Development Goals']	Sustainable Development Goals	KY	en	official	98.0	Cayman Islands	Cayman Islands	English	English
239	KZ	ru	['SDG', 'Цели устойчивого развития']	Цели устойчивого развития	KZ	ru	official	72.0	Kazakhstan	Kazakhstan	Russian	Russian
241	LB	ar	['SDG', 'أهداف التنمية المستدامة']	أهداف التنمية المستدامة	LB	ar	official	86.0	Lebanon	Lebanon	Arabic	Arabic
242	LC	en	['SDG', 'Sustainable Development Goals']	Sustainable Development Goals	LC	en	official	90.0	St. Lucia	St. Lucia	English	English
243	LI	de	['SDG', 'Sustainable Development Goals']	Sustainable Development Goals	LI	de	official	100.0	Liechtenstein	Liechtenstein	German	German
247	LR	en	['SDG', 'Sustainable Development Goals']	Sustainable Development Goals	LR	en	official	83.0	Liberia	Liberia	English	English
248	LS	en	['SDG', 'Sustainable Development Goals']	Sustainable Development Goals	LS	en	official	27.0	Lesotho	Lesotho	English	English
250	LT	lt	['SDG', 'Darnaus vystymosi tikslai']	Darnaus vystymosi tikslai	LT	lt	official	86.0	Lithuania	Lithuania	Lithuanian	Lithuanian
251	LU	de	['SDG', 'Sustainable Development Goals']	Sustainable Development Goals	LU	de	official	63.0	Luxembourg	Luxembourg	German	German
252	LU	fr	['SDG', 'Objectifs de développement durable']	Objectifs de développement durable	LU	fr	official	87.0	Luxembourg	Luxembourg	French	French
254	LV	lv	['SDG', 'ilgtspējīgas attīstības mērķi']	ilgtspējīgas attīstības mērķi	LV	lv	official	61.0	Latvia	Latvia	Latvian	Latvian
255	LY	ar	['SDG', 'أهداف التنمية المستدامة']	أهداف التنمية المستدامة	LY	ar	official	74.0	Libya	Libya	Arabic	Arabic
256	MA	ar	['SDG', 'أهداف التنمية المستدامة']	أهداف التنمية المستدامة	MA	ar	official	62.0	Morocco	Morocco	Arabic	Arabic
257	MA	fr	['SDG', 'Objectifs de développement durable']	Objectifs de développement durable	MA	fr	de_facto_official	20.0	Morocco	Morocco	French	French
259	MC	fr	['SDG', 'Objectifs de développement durable']	Objectifs de développement durable	MC	fr	official	99.0	Monaco	Monaco	French	French
260	MD	ro	['SDG', 'Obiectivele de dezvoltare durabilă']	Obiectivele de dezvoltare durabilă	MD	ro	official	63.0	Moldova	Moldova	Romanian	Romanian
263	MG	en	['SDG', 'Sustainable Development Goals']	Sustainable Development Goals	MG	en	official	18.0	Madagascar	Madagascar	English	English
264	MG	fr	['SDG', 'Objectifs de développement durable']	Objectifs de développement durable	MG	fr	official	69.0	Madagascar	Madagascar	French	French
266	MH	en	['SDG', 'Sustainable Development Goals']	Sustainable Development Goals	MH	en	official	93.0	Marshall Islands	Marshall Islands	English	English
270	ML	fr	['SDG', 'Objectifs de développement durable']	Objectifs de développement durable	ML	fr	official	46.0	Mali	Mali	French	French
273	MO	pt	['SDG', 'Objetivos de Desenvolvimento Sustentável']	Objetivos de Desenvolvimento Sustentável	MO	pt	official	5.0	Macau SAR China	Macau	Portuguese	Portuguese
274	MO	zh-TW	['SDG', '可持續發展目標', '永續發展目標']	可持續發展目標	MO	zh_Hant	official	98.0	Macau SAR China	Macau	Chinese (Traditional)	Chinese (Traditional)
275	MP	en	['SDG', 'Sustainable Development Goals']	Sustainable Development Goals	MP	en	de_facto_official	97.0	Northern Mariana Islands	Northern Mariana Islands	English	English
276	MQ	fr	['SDG', 'Objectifs de développement durable']	Objectifs de développement durable	MQ	fr	official	98.0	Martinique	Martinique	French	French
277	MR	ar	['SDG', 'أهداف التنمية المستدامة']	أهداف التنمية المستدامة	MR	ar	official	85.0	Mauritania	Mauritania	Arabic	Arabic
278	MS	en	['SDG', 'Sustainable Development Goals']	Sustainable Development Goals	MS	en	official	67.0	Montserrat	Montserrat	English	English
279	MT	en	['SDG', 'Sustainable Development Goals']	Sustainable Development Goals	MT	en	official	88.0	Malta	Malta	English	English
281	MU	en	['SDG', 'Sustainable Development Goals']	Sustainable Development Goals	MU	en	official	72.0	Mauritius	Mauritius	English	English
282	MU	fr	['SDG', 'Objectifs de développement durable']	Objectifs de développement durable	MU	fr	official	3.0	Mauritius	Mauritius	French	French
284	MW	en	['SDG', 'Sustainable Development Goals']	Sustainable Development Goals	MW	en	official	63.0	Malawi	Malawi	English	English
286	MX	es	['SDG', 'Objetivos de Desarrollo Sostenible']	Objetivos de Desarrollo Sostenible	MX	es	de_facto_official	83.0	Mexico	Mexico	Spanish	Spanish
288	MZ	pt	['SDG', 'Objetivos de Desenvolvimento Sustentável']	Objetivos de Desenvolvimento Sustentável	MZ	pt	official	27.0	Mozambique	Mozambique	Portuguese	Portuguese
289	NA	en	['SDG', 'Sustainable Development Goals']	Sustainable Development Goals	NA	en	official	7.0	Namibia	Namibia	English	English
290	NC	fr	['SDG', 'Objectifs de développement durable']	Objectifs de développement durable	NC	fr	official	96.0	New Caledonia	New Caledonia	French	French
291	NE	fr	['SDG', 'Objectifs de développement durable']	Objectifs de développement durable	NE	fr	official	29.0	Niger	Niger	French	French
292	NF	en	['SDG', 'Sustainable Development Goals']	Sustainable Development Goals	NF	en	official	76.0	Norfolk Island	Norfolk Island	English	English
293	NG	en	['SDG', 'Sustainable Development Goals']	Sustainable Development Goals	NG	en	official	53.0	Nigeria	Nigeria	English	English
295	NI	es	['SDG', 'Objetivos de Desarrollo Sostenible']	Objetivos de Desarrollo Sostenible	NI	es	official	78.0	Nicaragua	Nicaragua	Spanish	Spanish
297	NL	nl	['SDG', 'Duurzame ontwikkelingsdoelen']	Duurzame ontwikkelingsdoelen	NL	nl	official	100.0	Netherlands	Netherlands	Dutch	Dutch
298	NO	no	['SDG', 'Bærekraftige utviklingsmål']	Bærekraftige utviklingsmål	NO	nb	official	100.0	Norway	Norway	Norwegian Bokmål	Norwegian
302	NR	en	['SDG', 'Sustainable Development Goals']	Sustainable Development Goals	NR	en	official	98.0	Nauru	Nauru	English	English
304	NU	en	['SDG', 'Sustainable Development Goals']	Sustainable Development Goals	NU	en	official	95.0	Niue	Niue	English	English
306	NZ	en	['SDG', 'Sustainable Development Goals']	Sustainable Development Goals	NZ	en	de_facto_official	98.0	New Zealand	New Zealand	English	English
308	OM	ar	['SDG', 'أهداف التنمية المستدامة']	أهداف التنمية المستدامة	OM	ar	official	81.0	Oman	Oman	Arabic	Arabic
309	PA	es	['SDG', 'Objetivos de Desarrollo Sostenible']	Objetivos de Desarrollo Sostenible	PA	es	official	69.0	Panama	Panama	Spanish	Spanish
310	PE	es	['SDG', 'Objetivos de Desarrollo Sostenible']	Objetivos de Desarrollo Sostenible	PE	es	official	73.0	Peru	Peru	Spanish	Spanish
312	PF	fr	['SDG', 'Objectifs de développement durable']	Objectifs de développement durable	PF	fr	official	61.0	French Polynesia	French Polynesia	French	French
314	PG	en	['SDG', 'Sustainable Development Goals']	Sustainable Development Goals	PG	en	official	50.0	Papua New Guinea	Papua New Guinea	English	English
318	PH	en	['SDG', 'Sustainable Development Goals']	Sustainable Development Goals	PH	en	official	64.0	Philippines	Philippines	English	English
319	PH	tl	['SDG', 'Sustainable Development Goals']	Sustainable Development Goals	PH	fil	official	60.0	Philippines	Philippines	Filipino	Filipino
326	PK	en	['SDG', 'Sustainable Development Goals']	Sustainable Development Goals	PK	en	official	50.0	Pakistan	Pakistan	English	English
329	PL	de	['SDG', 'Sustainable Development Goals']	Sustainable Development Goals	PL	de	official_regional	0.096	Poland	Poland	German	German
330	PL	lt	['SDG', 'Darnaus vystymosi tikslai']	Darnaus vystymosi tikslai	PL	lt	official_regional	0.021	Poland	Poland	Lithuanian	Lithuanian
331	PL	pl	['SDG', 'Cele zrównoważonego rozwoju']	Cele zrównoważonego rozwoju	PL	pl	official	96.0	Poland	Poland	Polish	Polish
332	PM	fr	['SDG', 'Objectifs de développement durable']	Objectifs de développement durable	PM	fr	official	90.0	St. Pierre & Miquelon	St. Pierre & Miquelon	French	French
333	PN	en	['SDG', 'Sustainable Development Goals']	Sustainable Development Goals	PN	en	official	96.0	Pitcairn Islands	Pitcairn Islands	English	English
334	PR	en	['SDG', 'Sustainable Development Goals']	Sustainable Development Goals	PR	en	de_facto_official	49.0	Puerto Rico	Puerto Rico	English	English
335	PR	es	['SDG', 'Objetivos de Desarrollo Sostenible']	Objetivos de Desarrollo Sostenible	PR	es	official	87.0	Puerto Rico	Puerto Rico	Spanish	Spanish
336	PS	ar	['SDG', 'أهداف التنمية المستدامة']	أهداف التنمية المستدامة	PS	ar	official	100.0	Palestinian Territories	Palestine	Arabic	Arabic
337	PT	pt	['SDG', 'Objetivos de Desenvolvimento Sustentável']	Objetivos de Desenvolvimento Sustentável	PT	pt	official	96.0	Portugal	Portugal	Portuguese	Portuguese
338	PW	en	['SDG', 'Sustainable Development Goals']	Sustainable Development Goals	PW	en	official	8.8	Palau	Palau	English	English
340	PY	es	['SDG', 'Objetivos de Desarrollo Sostenible']	Objetivos de Desarrollo Sostenible	PY	es	official	3.2	Paraguay	Paraguay	Spanish	Spanish
342	QA	ar	['SDG', 'أهداف التنمية المستدامة']	أهداف التنمية المستدامة	QA	ar	official	89.0	Qatar	Qatar	Arabic	Arabic
343	RE	fr	['SDG', 'Objectifs de développement durable']	Objectifs de développement durable	RE	fr	official	89.0	Réunion	Réunion	French	French
344	RO	ro	['SDG', 'Obiectivele de dezvoltare durabilă']	Obiectivele de dezvoltare durabilă	RO	ro	official	90.0	Romania	Romania	Romanian	Romanian
345	RS	hr	['SDG', 'Ciljevi održivog razvoja']	Ciljevi održivog razvoja	RS	hr	official_regional	0.93	Serbia	Serbia	Croatian	Croatian
346	RS	hu	['SDG', 'Fenntartható fejlődési célok']	Fenntartható fejlődési célok	RS	hu	official_regional	4.8	Serbia	Serbia	Hungarian	Hungarian
347	RS	ro	['SDG', 'Obiectivele de dezvoltare durabilă']	Obiectivele de dezvoltare durabilă	RS	ro	official_regional	2.1	Serbia	Serbia	Romanian	Romanian
348	RS	sk	['SDG', 'cieľov trvalo udržateľného rozvoja']	cieľov trvalo udržateľného rozvoja	RS	sk	official_regional	0.85	Serbia	Serbia	Slovak	Slovak
349	RS	sr	['SDG', 'Циљеви одрживог развоја']	Циљеви одрживог развоја	RS	sr_Cyrl	official	99.0	Serbia	Serbia	Serbian (Cyrillic)	Serbian
350	RS	sr	['SDG', 'Ciljevi održivog razvoja']	Ciljevi održivog razvoja	RS	sr_Latn	official	99.0	Serbia	Serbia	Serbian (Latin)	Serbian
351	RS	uk	['SDG', 'Цілі сталого розвитку']	Цілі сталого розвитку	RS	uk	official_regional	0.0	Serbia	Serbia	Ukrainian	Ukrainian
367	RU	ru	['SDG', 'Цели устойчивого развития']	Цели устойчивого развития	RU	ru	official	94.0	Russia	Russia	Russian	Russian
372	RW	en	['SDG', 'Sustainable Development Goals']	Sustainable Development Goals	RW	en	official	15.0	Rwanda	Rwanda	English	English
373	RW	fr	['SDG', 'Objectifs de développement durable']	Objectifs de développement durable	RW	fr	official	0.018000000000000002	Rwanda	Rwanda	French	French
375	SA	ar	['SDG', 'أهداف التنمية المستدامة']	أهداف التنمية المستدامة	SA	ar	official	100.0	Saudi Arabia	Saudi Arabia	Arabic	Arabic
376	SB	en	['SDG', 'Sustainable Development Goals']	Sustainable Development Goals	SB	en	official	100.0	Solomon Islands	Solomon Islands	English	English
378	SC	en	['SDG', 'Sustainable Development Goals']	Sustainable Development Goals	SC	en	official	38.0	Seychelles	Seychelles	English	English
379	SC	fr	['SDG', 'Objectifs de développement durable']	Objectifs de développement durable	SC	fr	official	60.0	Seychelles	Seychelles	French	French
380	SD	ar	['SDG', 'أهداف التنمية المستدامة']	أهداف التنمية المستدامة	SD	ar	official	61.0	Sudan	Sudan	Arabic	Arabic
381	SD	en	['SDG', 'Sustainable Development Goals']	Sustainable Development Goals	SD	en	official	61.0	Sudan	Sudan	English	English
382	SE	fi	['SDG', 'Kestävän kehityksen tavoitteet']	Kestävän kehityksen tavoitteet	SE	fi	official_regional	2.2	Sweden	Sweden	Finnish	Finnish
383	SE	sv	['SDG', 'Hållbara utvecklingsmål']	Hållbara utvecklingsmål	SE	sv	official	95.0	Sweden	Sweden	Swedish	Swedish
384	SG	en	['SDG', 'Sustainable Development Goals']	Sustainable Development Goals	SG	en	official	93.0	Singapore	Singapore	English	English
387	SG	zh-CN	['SDG', '可持续发展目标']	可持续发展目标	SG	zh_Hans	official	77.0	Singapore	Singapore	Chinese (Simplified)	Chinese (Simplified)
388	SH	en	['SDG', 'Sustainable Development Goals']	Sustainable Development Goals	SH	en	official	69.0	St. Helena	St. Helena	English	English
389	SI	sl	['SDG', 'Cilji trajnostnega razvoja']	Cilji trajnostnega razvoja	SI	sl	official	87.0	Slovenia	Slovenia	Slovenian	Slovenian
390	SJ	no	['SDG', 'Bærekraftige utviklingsmål']	Bærekraftige utviklingsmål	SJ	nb	official	80.0	Svalbard & Jan Mayen	Svalbard & Jan Mayen	Norwegian Bokmål	Norwegian
391	SK	sk	['SDG', 'cieľov trvalo udržateľného rozvoja']	cieľov trvalo udržateľného rozvoja	SK	sk	official	90.0	Slovakia	Slovakia	Slovak	Slovak
392	SL	en	['SDG', 'Sustainable Development Goals']	Sustainable Development Goals	SL	en	official	35.0	Sierra Leone	Sierra Leone	English	English
394	SM	it	['SDG', 'Obiettivi di Sviluppo Sostenibile']	Obiettivi di Sviluppo Sostenibile	SM	it	official	89.0	San Marino	San Marino	Italian	Italian
399	SN	fr	['SDG', 'Objectifs de développement durable']	Objectifs de développement durable	SN	fr	official	39.0	Senegal	Senegal	French	French
408	SO	ar	['SDG', 'أهداف التنمية المستدامة']	أهداف التنمية المستدامة	SO	ar	official	34.0	Somalia	Somalia	Arabic	Arabic
410	SR	nl	['SDG', 'Duurzame ontwikkelingsdoelen']	Duurzame ontwikkelingsdoelen	SR	nl	official	90.0	Suriname	Suriname	Dutch	Dutch
412	ST	pt	['SDG', 'Objetivos de Desenvolvimento Sustentável']	Objetivos de Desenvolvimento Sustentável	ST	pt	official	85.0	São Tomé & Príncipe	São Tomé & Príncipe	Portuguese	Portuguese
413	SV	es	['SDG', 'Objetivos de Desarrollo Sostenible']	Objetivos de Desarrollo Sostenible	SV	es	official	89.0	El Salvador	El Salvador	Spanish	Spanish
416	SY	ar	['SDG', 'أهداف التنمية المستدامة']	أهداف التنمية المستدامة	SY	ar	official	80.0	Syria	Syria	Arabic	Arabic
417	SY	fr	['SDG', 'Objectifs de développement durable']	Objectifs de développement durable	SY	fr	official	5.9	Syria	Syria	French	French
418	SZ	en	['SDG', 'Sustainable Development Goals']	Sustainable Development Goals	SZ	en	official	80.0	Swaziland	Swaziland	English	English
421	TC	en	['SDG', 'Sustainable Development Goals']	Sustainable Development Goals	TC	en	official	98.0	Turks & Caicos Islands	Turks & Caicos Islands	English	English
422	TD	ar	['SDG', 'أهداف التنمية المستدامة']	أهداف التنمية المستدامة	TD	ar	official	17.0	Chad	Chad	Arabic	Arabic
423	TD	fr	['SDG', 'Objectifs de développement durable']	Objectifs de développement durable	TD	fr	official	26.0	Chad	Chad	French	French
424	TF	fr	['SDG', 'Objectifs de développement durable']	Objectifs de développement durable	TF	fr		100.0	French Southern Territories	French Southern Territories	French	French
425	TG	fr	['SDG', 'Objectifs de développement durable']	Objectifs de développement durable	TG	fr	official	61.0	Togo	Togo	French	French
426	TH	th	['SDG', 'เป้าหมายของการพัฒนาที่ยั่งยืน']	เป้าหมายของการพัฒนาที่ยั่งยืน	TH	th	official	80.0	Thailand	Thailand	Thai	Thai
428	TK	en	['SDG', 'Sustainable Development Goals']	Sustainable Development Goals	TK	en	official	100.0	Tokelau	Tokelau	English	English
433	TN	ar	['SDG', 'أهداف التنمية المستدامة']	أهداف التنمية المستدامة	TN	ar	official	90.0	Tunisia	Tunisia	Arabic	Arabic
434	TN	fr	['SDG', 'Objectifs de développement durable']	Objectifs de développement durable	TN	fr	official	74.0	Tunisia	Tunisia	French	French
435	TO	en	['SDG', 'Sustainable Development Goals']	Sustainable Development Goals	TO	en	official	28.0	Tonga	Tonga	English	English
437	TR	tr	['SDG', 'Sürdürülebilir Gelişme Hedefleri']	Sürdürülebilir Gelişme Hedefleri	TR	tr	official	93.0	Turkey	Turkey	Turkish	Turkish
438	TT	en	['SDG', 'Sustainable Development Goals']	Sustainable Development Goals	TT	en	official	88.0	Trinidad & Tobago	Trinidad & Tobago	English	English
439	TV	en	['SDG', 'Sustainable Development Goals']	Sustainable Development Goals	TV	en	official	9.8	Tuvalu	Tuvalu	English	English
441	TW	zh-TW	['SDG', '可持續發展目標', '永續發展目標']	永續發展目標	TW	zh_Hant	official	95.0	Taiwan	Taiwan	Chinese (Traditional)	Chinese (Traditional)
442	TZ	en	['SDG', 'Sustainable Development Goals']	Sustainable Development Goals	TZ	en	official	69.0	Tanzania	Tanzania	English	English
443	TZ	sw	['SDG', 'malengo ya maendeleo endelevu']	malengo ya maendeleo endelevu	TZ	sw	official	90.0	Tanzania	Tanzania	Swahili	Swahili
444	UA	ru	['SDG', 'Цели устойчивого развития']	Цели устойчивого развития	UA	ru	de_facto_official	46.0	Ukraine	Ukraine	Russian	Russian
445	UA	uk	['SDG', 'Цілі сталого розвитку']	Цілі сталого розвитку	UA	uk	official	65.0	Ukraine	Ukraine	Ukrainian	Ukrainian
446	UG	en	['SDG', 'Sustainable Development Goals']	Sustainable Development Goals	UG	en	official	3.9	Uganda	Uganda	English	English
447	UG	sw	['SDG', 'malengo ya maendeleo endelevu']	malengo ya maendeleo endelevu	UG	sw	official	75.0	Uganda	Uganda	Swahili	Swahili
448	UM	en	['SDG', 'Sustainable Development Goals']	Sustainable Development Goals	UM	en	de_facto_official	100.0	U.S. Outlying Islands	U.S. Outlying Islands	English	English
449	US	en	['SDG', 'Sustainable Development Goals']	Sustainable Development Goals	US	en	de_facto_official	96.0	United States	United States	English	English
450	US	es	['SDG', 'Objetivos de Desarrollo Sostenible']	Objetivos de Desarrollo Sostenible	US	es	official_regional	9.6	United States	United States	Spanish	Spanish
452	UY	es	['SDG', 'Objetivos de Desarrollo Sostenible']	Objetivos de Desarrollo Sostenible	UY	es	official	88.0	Uruguay	Uruguay	Spanish	Spanish
455	VA	it	['SDG', 'Obiettivi di Sviluppo Sostenibile']	Obiettivi di Sviluppo Sostenibile	VA	it		98.0	Vatican City	Vatican City	Italian	Italian
457	VC	en	['SDG', 'Sustainable Development Goals']	Sustainable Development Goals	VC	en	official	96.0	St. Vincent & Grenadines	St. Vincent & Grenadines	English	English
458	VE	es	['SDG', 'Objetivos de Desarrollo Sostenible']	Objetivos de Desarrollo Sostenible	VE	es	official	82.0	Venezuela	Venezuela	Spanish	Spanish
459	VG	en	['SDG', 'Sustainable Development Goals']	Sustainable Development Goals	VG	en	official	98.0	British Virgin Islands	British Virgin Islands	English	English
460	VI	en	['SDG', 'Sustainable Development Goals']	Sustainable Development Goals	VI	en	de_facto_official	75.0	U.S. Virgin Islands	U.S. Virgin Islands	English	English
461	VN	vi	['SDG', 'Mục tiêu phát triển bền vững']	Mục tiêu phát triển bền vững	VN	vi	official	86.0	Vietnam	Vietnam	Vietnamese	Vietnamese
463	VU	en	['SDG', 'Sustainable Development Goals']	Sustainable Development Goals	VU	en	official	83.0	Vanuatu	Vanuatu	English	English
464	VU	fr	['SDG', 'Objectifs de développement durable']	Objectifs de développement durable	VU	fr	official	50.0	Vanuatu	Vanuatu	French	French
465	WF	fr	['SDG', 'Objectifs de développement durable']	Objectifs de développement durable	WF	fr	official	49.0	Wallis & Futuna	Wallis & Futuna	French	French
466	WS	en	['SDG', 'Sustainable Development Goals']	Sustainable Development Goals	WS	en	official	2.2	Samoa	Samoa	English	English
471	YE	ar	['SDG', 'أهداف التنمية المستدامة']	أهداف التنمية المستدامة	YE	ar	official	74.0	Yemen	Yemen	Arabic	Arabic
472	YT	fr	['SDG', 'Objectifs de développement durable']	Objectifs de développement durable	YT	fr	official	57.0	Mayotte	Mayotte	French	French
473	ZA	af	['SDG', 'Volhoubare Ontwikkelingsdoelwitte']	Volhoubare Ontwikkelingsdoelwitte	ZA	af	official_regional	13.0	South Africa	South Africa	Afrikaans	Afrikaans
474	ZA	en	['SDG', 'Sustainable Development Goals']	Sustainable Development Goals	ZA	en	official	31.0	South Africa	South Africa	English	English
484	ZM	en	['SDG', 'Sustainable Development Goals']	Sustainable Development Goals	ZM	en	official	16.0	Zambia	Zambia	English	English
485	ZW	en	['SDG', 'Sustainable Development Goals']	Sustainable Development Goals	ZW	en	official	42.0	Zimbabwe	Zimbabwe	English	English
34	BD	False	['SDG', 'টেকসই উন্নয়ন লক্ষ্যমাত্রা']	টেকসই উন্নয়ন লক্ষ্যমাত্রা	BD	bn	official	98.0	Bangladesh	Bangladesh	Bengali	
128	ES	False	['SDG', 'Obxectivos de Desenvolvemento Sostíbel']	Obxectivos de Desenvolvemento Sostíbel	ES	gl	official_regional	7.0	Spain	Spain	Galician	
129	ET	False	['SDG', 'ለዘለቄታዊ የልማት ግብ']	ለዘለቄታዊ የልማት ግብ	ET	am	official	33.0	Ethiopia	Ethiopia	Amharic	
188	IN	False	['SDG', 'টেকসই উন্নয়ন লক্ষ্যমাত্রা']	টেকসই উন্নয়ন লক্ষ্যমাত্রা	IN	bn	official_regional	8.1	India	India	Bengali	
198	IN	False	['SDG', 'शाश्वत विकास ध्येये']	शाश्वत विकास ध्येये	IN	mr	official_regional	7.0	India	India	Marathi	
199	IN	False	['SDG', 'दिगो विकासका लक्ष्यहरू']	दिगो विकासका लक्ष्यहरू	IN	ne	official_regional	0.56	India	India	Nepali	
206	IN	False	['SDG', 'வளங்குன்றா வளர்ச்சிக் குறிக்கோள்கள்']	வளங்குன்றா வளர்ச்சிக் குறிக்கோள்கள்	IN	ta	official_regional	5.9	India	India	Tamil	
226	KH	False	['SDG', 'គោលដៅអភិវឌ្ឍន៍ប្រកបដោយចីរភាព']	គោលដៅអភិវឌ្ឍន៍ប្រកបដោយចីរភាព	KH	km	official	89.0	Cambodia	Cambodia	Khmer	
240	LA	False	['SDG', 'ເປົ້າຫມາຍການພັດທະນາແບບຍືນຍົງ']	ເປົ້າຫມາຍການພັດທະນາແບບຍືນຍົງ	LA	lo	official	69.0	Laos	Laos	Lao	
246	LK	False	['SDG', 'வளங்குன்றா வளர்ச்சிக் குறிக்கோள்கள்']	வளங்குன்றா வளர்ச்சிக் குறிக்கோள்கள்	LK	ta	official	15.0	Sri Lanka	Sri Lanka	Tamil	
268	MK	False	['SDG', 'Целите за одржлив развој']	Целите за одржлив развој	MK	mk	official	67.0	Macedonia	Macedonia (FYROM)	Macedonian	
271	MM	False	['SDG', 'စဉ်ဆက်မပြတ် ဖွံ့ဖြိုးတိုးတက်မှု ပန်းတိုင်']	စဉ်ဆက်မပြတ် ဖွံ့ဖြိုးတိုးတက်မှု ပန်းတိုင်	MM	my	official	64.0	Myanmar (Burma)	Myanmar (Burma)	Burmese	
301	NP	False	['SDG', 'दिगो विकासका लक्ष्यहरू']	दिगो विकासका लक्ष्यहरू	NP	ne	official	44.0	Nepal	Nepal	Nepali	
386	SG	False	['SDG', 'வளங்குன்றா வளர்ச்சிக் குறிக்கோள்கள்']	வளங்குன்றா வளர்ச்சிக் குறிக்கோள்கள்	SG	ta	official	2.1	Singapore	Singapore	Tamil	
456	VA	False	['SDG', 'Proposita progressus durabilis']	Proposita progressus durabilis	VA	la		98.0	Vatican City	Vatican City	Latin	
